"Date","Open","High","Low","Close","Volume"
"2018-04-10",3.37,3.41,3.35,3.41,81621
"2018-04-09",3.34,3.39,3.31,3.37,65651
"2018-04-04",3.42,3.42,3.35,3.36,71696
"2018-04-03",3.4,3.44,3.38,3.42,101092
"2018-04-02",3.4,3.45,3.4,3.43,103169
"2018-03-30",3.44,3.44,3.4,3.4,108167
"2018-03-29",3.33,3.47,3.32,3.44,160437
"2018-03-28",3.34,3.39,3.3,3.34,93864
"2018-03-27",3.35,3.38,3.32,3.36,117178
"2018-03-26",3.28,3.33,3.21,3.33,99908
"2018-03-23",3.41,3.41,3.22,3.31,150141
"2018-03-22",3.49,3.5,3.45,3.46,84679
"2018-03-21",3.51,3.54,3.48,3.49,98618
"2018-03-20",3.5,3.52,3.47,3.52,59698
"2018-03-19",3.55,3.56,3.51,3.52,71172
"2018-03-16",3.57,3.58,3.54,3.55,71495
"2018-03-15",3.63,3.63,3.54,3.57,89751
"2018-03-14",3.65,3.66,3.6,3.62,90858
"2018-03-13",3.64,3.68,3.63,3.65,105956
"2018-03-12",3.65,3.67,3.63,3.66,105509
"2018-03-09",3.62,3.66,3.6,3.65,97702
"2018-03-08",3.59,3.65,3.59,3.64,84769
"2018-03-07",3.62,3.65,3.6,3.62,88829
"2018-03-06",3.59,3.65,3.55,3.64,111960
"2018-03-05",3.59,3.62,3.56,3.58,69978
"2018-03-02",3.63,3.64,3.58,3.59,79231
"2018-03-01",3.6,3.65,3.57,3.64,114530
"2018-02-28",3.59,3.64,3.55,3.61,143385
"2018-02-27",3.7,3.7,3.58,3.61,124007
"2018-02-26",3.62,3.75,3.6,3.7,143409
"2018-02-23",3.57,3.74,3.56,3.65,126320
"2018-02-22",3.53,3.6,3.51,3.57,85237
"2018-02-14",3.47,3.5,3.43,3.49,73415
"2018-02-13",3.45,3.53,3.45,3.48,98992
"2018-02-12",3.4,3.48,3.36,3.44,100651
"2018-02-09",3.59,3.59,3.3,3.38,284109
"2018-02-08",3.61,3.7,3.61,3.62,104118
"2018-02-07",3.8,3.83,3.6,3.61,158193
"2018-02-06",3.84,3.86,3.73,3.74,141264
"2018-02-05",3.8,3.93,3.78,3.9,123143
"2018-02-02",3.71,3.9,3.68,3.86,168518
"2018-02-01",4.07,4.1,3.8,3.8,314215
"2018-01-31",4.02,4.13,3.96,4.09,361398
"2018-01-30",4.03,4.13,4.01,4.04,225006
"2018-01-29",4.06,4.11,4.01,4.03,205876
"2018-01-26",4.07,4.13,4.02,4.08,197438
"2018-01-25",4.17,4.17,4.06,4.06,288166
"2018-01-24",4.08,4.22,4.04,4.17,335394
"2018-01-23",4.05,4.13,4.04,4.1,225670
"2018-01-22",4.06,4.08,4.01,4.04,176288
"2018-01-19",4.08,4.16,4.05,4.06,241233
"2018-01-18",4.1,4.14,4.04,4.07,190480
"2018-01-17",4.21,4.25,4.04,4.07,423132
"2018-01-16",4.12,4.36,4.04,4.28,569728
"2018-01-15",4.34,4.39,4.05,4.14,709196
"2018-01-12",4.13,4.61,4.1,4.4,1133309
"2018-01-11",4.12,4.36,4,4.19,416246
"2018-01-10",4.18,4.22,4.04,4.09,236523
"2018-01-09",4.01,4.36,4.01,4.17,409074
"2018-01-08",4.02,4.17,3.97,4.08,353812
"2018-01-05",3.82,4.16,3.81,4.01,441806
"2018-01-04",3.81,3.85,3.8,3.83,116240
"2018-01-03",3.73,3.85,3.73,3.83,183908
"2018-01-02",3.67,3.83,3.67,3.77,226639
"2017-12-29",3.59,3.67,3.57,3.66,108177
"2017-12-28",3.58,3.61,3.56,3.59,66768
"2017-12-27",3.56,3.61,3.55,3.57,81913
"2017-12-26",3.54,3.59,3.54,3.57,95442
"2017-12-25",3.55,3.63,3.55,3.55,69674
"2017-12-22",3.56,3.59,3.54,3.57,66067
"2017-12-21",3.5,3.58,3.47,3.56,99446
"2017-12-20",3.63,3.64,3.49,3.51,130650
"2017-12-19",3.63,3.64,3.58,3.62,97332
"2017-12-18",3.63,3.64,3.59,3.63,69162
"2017-12-15",3.66,3.67,3.61,3.62,78590
"2017-12-14",3.67,3.69,3.65,3.67,63763
"2017-12-13",3.7,3.71,3.65,3.69,83740
"2017-12-12",3.72,3.77,3.69,3.72,112377
"2017-12-11",3.7,3.74,3.68,3.73,122814
"2017-12-08",3.69,3.74,3.68,3.72,93782
"2017-12-07",3.7,3.75,3.66,3.71,88579
"2017-12-06",3.83,3.83,3.64,3.72,170038
"2017-12-05",3.82,3.85,3.79,3.83,82564
"2017-12-04",3.88,3.89,3.81,3.82,88246
"2017-12-01",3.86,3.92,3.86,3.88,102388
"2017-11-30",3.89,3.93,3.88,3.89,89777
"2017-11-29",3.84,3.99,3.8,3.92,127678
"2017-11-28",3.78,3.84,3.77,3.83,82522
"2017-11-27",3.84,3.85,3.78,3.79,70470
"2017-11-24",3.83,3.86,3.82,3.84,56344
"2017-11-23",3.92,3.93,3.83,3.84,94065
"2017-11-22",3.93,3.96,3.91,3.93,106170
"2017-11-21",3.95,3.98,3.91,3.96,83966
"2017-11-20",3.94,3.94,3.8,3.92,118595
"2017-11-17",4.04,4.06,3.92,3.95,145460
"2017-11-16",4.07,4.12,4.04,4.08,84675
"2017-11-15",4.09,4.11,4.06,4.09,63924
"2017-11-14",4.14,4.15,4.07,4.1,94031
"2017-11-13",4.13,4.17,4.12,4.14,101296
"2017-11-10",4.18,4.18,4.13,4.14,70218
"2017-11-09",4.14,4.18,4.13,4.17,71211
"2017-11-08",4.13,4.17,4.12,4.15,92953
"2017-11-07",4.13,4.15,4.1,4.15,81905
"2017-11-06",4.1,4.15,4.07,4.13,92259
"2017-11-03",4.14,4.16,4.09,4.11,90492
"2017-11-02",4.17,4.18,4.12,4.16,87725
"2017-11-01",4.17,4.21,4.14,4.17,134723
"2017-10-31",4.07,4.17,4.06,4.15,113655
"2017-10-30",4.14,4.14,4.05,4.07,139529
"2017-10-27",4.16,4.21,4.14,4.15,106873
"2017-10-26",4.13,4.18,4.12,4.15,128481
"2017-10-25",4.13,4.16,4.11,4.13,77688
"2017-10-24",4.1,4.18,4.1,4.13,141581
"2017-10-23",4.12,4.13,4.09,4.11,143000
"2017-10-20",4.1,4.13,4.09,4.13,79341
"2017-10-19",4.17,4.2,4.09,4.1,124808
"2017-10-18",4.19,4.25,4.18,4.19,114879
"2017-10-17",4.18,4.25,4.16,4.23,96185
"2017-10-16",4.24,4.24,4.18,4.19,140863
"2017-10-13",4.23,4.25,4.22,4.23,115463
"2017-10-12",4.28,4.28,4.22,4.25,147886
"2017-10-11",4.29,4.29,4.25,4.27,148655
"2017-10-10",4.27,4.3,4.24,4.29,144834
"2017-10-09",4.31,4.36,4.26,4.27,181926
"2017-09-29",4.3,4.3,4.24,4.25,205118
"2017-09-28",4.4,4.4,4.26,4.28,447364
"2017-09-27",4.29,4.6,4.26,4.48,538829
"2017-09-26",4.26,4.3,4.23,4.3,207250
"2017-09-25",4.52,4.55,4.2,4.27,582360
"2017-09-22",4.59,4.71,4.56,4.6,314486
"2017-09-21",4.73,4.77,4.6,4.61,481563
"2017-09-20",4.7,4.82,4.67,4.77,753524
"2017-09-19",4.38,4.83,4.37,4.83,1442389
"2017-09-18",4.39,4.41,4.35,4.39,198547
"2017-09-15",4.33,4.42,4.3,4.4,531053
"2017-09-14",4.27,4.34,4.25,4.32,200309
"2017-09-13",4.27,4.27,4.23,4.27,72537
"2017-09-12",4.28,4.29,4.24,4.25,119336
"2017-09-11",4.26,4.29,4.26,4.28,95576
"2017-09-08",4.29,4.31,4.26,4.28,122848
"2017-09-07",4.27,4.35,4.25,4.32,272508
"2017-09-06",4.25,4.27,4.23,4.26,87727
"2017-09-05",4.27,4.28,4.24,4.26,127016
"2017-09-04",4.25,4.3,4.23,4.26,205442
"2017-09-01",4.3,4.32,4.27,4.28,194864
"2017-08-31",4.4,4.4,4.28,4.33,355940
"2017-08-30",4.34,4.45,4.26,4.4,451708
"2017-08-29",4.32,4.4,4.29,4.34,188477
"2017-08-28",4.33,4.35,4.28,4.33,158303
"2017-08-25",4.28,4.38,4.26,4.35,314423
"2017-08-24",4.25,4.3,4.22,4.28,218142
"2017-08-23",4.3,4.3,4.22,4.24,83182
"2017-08-22",4.25,4.33,4.23,4.3,184156
"2017-08-21",4.18,4.33,4.17,4.28,345648
"2017-08-18",4.09,4.29,4.08,4.2,309764
"2017-08-17",4.09,4.12,4.06,4.11,84754
"2017-08-16",4.09,4.11,4.05,4.09,64062
"2017-08-15",4.07,4.13,4.07,4.1,70236
"2017-08-14",4,4.06,4,4.06,47341
"2017-08-11",4.07,4.09,4,4.01,96672
"2017-08-10",4.11,4.13,4.07,4.08,81248
"2017-08-09",4.12,4.13,4.1,4.11,61278
"2017-08-08",4.09,4.13,4.09,4.12,75719
"2017-08-07",4.1,4.12,4.06,4.11,109536
"2017-08-04",4.19,4.35,4.11,4.13,185455
"2017-08-03",4.1,4.14,4.09,4.11,72606
"2017-08-02",4.16,4.17,4.1,4.1,107571
"2017-08-01",4.13,4.17,4.12,4.17,128121
"2017-07-31",4.15,4.16,4.1,4.14,175505
"2017-07-28",4.18,4.23,4.15,4.16,274512
"2017-07-27",4.08,4.39,4.07,4.31,416672
"2017-07-26",4.06,4.1,4.02,4.1,112800
"2017-07-25",4.07,4.1,4.03,4.06,91434
"2017-07-24",4.02,4.09,4.01,4.07,107023
"2017-07-21",4.06,4.07,4.02,4.03,81124
"2017-07-20",3.99,4.09,3.98,4.06,139905
"2017-07-19",3.91,4.01,3.88,4,129893
"2017-07-18",3.94,3.96,3.87,3.93,98859
"2017-07-17",4.11,4.12,3.91,3.92,183977
"2017-07-14",4.12,4.15,4.09,4.1,72085
"2017-07-13",4.12,4.15,4.09,4.13,74594
"2017-07-12",4.19,4.2,4.07,4.12,165042
"2017-07-11",4.22,4.23,4.18,4.19,108036
"2017-07-10",4.22,4.24,4.2,4.22,96460
"2017-07-07",4.19,4.23,4.18,4.22,103112
"2017-07-06",4.21,4.22,4.18,4.19,126691
"2017-07-05",4.22,4.22,4.18,4.21,99948
"2017-07-04",4.24,4.24,4.2,4.2,78300
"2017-07-03",4.22,4.25,4.21,4.25,85843
"2017-06-30",4.2,4.25,4.17,4.22,95773
"2017-06-29",4.23,4.24,4.19,4.21,80920
"2017-06-28",4.24,4.25,4.2,4.22,110952
"2017-06-27",4.26,4.27,4.22,4.25,124084
"2017-06-26",4.28,4.28,4.19,4.26,221651
"2017-06-23",4.21,4.35,4.19,4.28,293675
"2017-06-22",4.32,4.34,4.19,4.23,230674
"2017-06-21",4.26,4.36,4.23,4.34,259855
"2017-06-20",4.25,4.26,4.22,4.25,113667
"2017-06-19",4.24,4.26,4.21,4.25,105209
"2017-06-16",4.26,4.28,4.23,4.24,102701
"2017-06-15",4.25,4.28,4.24,4.26,88019
"2017-06-14",4.3,4.3,4.24,4.25,91831
"2017-06-13",4.3,4.34,4.26,4.3,138770
"2017-06-12",4.26,4.31,4.22,4.25,127342
"2017-06-09",4.34,4.35,4.24,4.28,172919
"2017-06-08",4.36,4.43,4.34,4.34,150411
"2017-06-07",4.3,4.41,4.27,4.39,232660
"2017-06-06",4.29,4.35,4.24,4.31,126511
"2017-06-05",4.261,4.378,4.241,4.29,151908
"2017-06-02",4.143,4.3,4.134,4.28,152515
"2017-06-01",4.251,4.29,4.163,4.173,136447
"2017-05-31",4.3,4.397,4.261,4.28,231232
"2017-05-26",4.261,4.339,4.192,4.231,234245
"2017-05-25",4.251,4.495,4.202,4.31,377306
"2017-05-24",4.036,4.143,3.938,4.134,167868
"2017-05-23",4.153,4.192,4.036,4.055,174894
"2017-05-22",4.231,4.358,4.085,4.153,192374
"2017-05-19",4.212,4.29,4.202,4.231,175567
"2017-05-18",4.427,4.534,4.222,4.29,450750
"2017-05-17",4.495,4.632,4.456,4.544,264178
"2017-05-16",4.476,4.622,4.417,4.573,460837
"2017-05-15",4.124,4.573,4.095,4.573,597496
"2017-05-12",4.095,4.202,4.026,4.153,123348
"2017-05-11",4.134,4.173,3.909,4.134,244185
"2017-05-10",4.427,4.437,4.173,4.192,189811
"2017-05-09",4.417,4.524,4.368,4.417,173990
"2017-05-08",4.505,4.524,4.368,4.417,187438
"2017-05-05",4.544,4.622,4.505,4.534,144200
"2017-05-04",4.564,4.681,4.524,4.593,198254
"2017-05-03",4.779,4.779,4.495,4.583,328303
"2017-05-02",4.808,4.837,4.739,4.788,285367
"2017-04-28",4.652,4.974,4.642,4.945,369735
"2017-04-27",4.681,4.739,4.544,4.72,240533
"2017-04-26",4.632,4.759,4.622,4.71,200111
"2017-04-25",4.583,4.73,4.544,4.661,203353
"2017-04-24",4.73,4.739,4.485,4.564,262521
"2017-04-21",4.847,4.876,4.73,4.749,344491
"2017-04-20",5.052,5.052,4.876,4.945,355174
"2017-04-19",4.945,5.111,4.867,5.081,349837
"2017-04-18",4.945,5.111,4.906,4.994,396461
"2017-04-17",5.13,5.13,4.808,4.915,458602
"2017-04-14",5.209,5.316,5.081,5.16,606907
"2017-04-13",4.876,5.355,4.837,5.209,840533
"2017-04-12",5.111,5.111,4.857,4.867,581847
"2017-04-11",5.033,5.336,4.964,5.209,1055706
"2017-04-10",4.7,5.189,4.671,5.052,1029976
"2017-04-07",4.642,4.827,4.593,4.73,632801
"2017-04-06",4.837,4.867,4.642,4.691,741883
"2017-04-05",4.788,4.876,4.661,4.876,924148
"2017-03-31",4.407,4.466,4.397,4.437,80014
"2017-03-30",4.466,4.476,4.349,4.407,92911
"2017-03-29",4.515,4.544,4.446,4.466,124220
"2017-03-28",4.534,4.593,4.495,4.524,106268
"2017-03-27",4.544,4.593,4.485,4.544,94166
"2017-03-24",4.485,4.554,4.456,4.544,94928
"2017-03-23",4.485,4.505,4.446,4.485,66315
"2017-03-22",4.515,4.515,4.437,4.476,84025
"2017-03-21",4.534,4.544,4.505,4.544,78332
"2017-03-20",4.573,4.583,4.495,4.544,127094
"2017-03-17",4.652,4.7,4.583,4.593,188160
"2017-03-16",4.573,4.808,4.564,4.681,321858
"2017-03-15",4.515,4.612,4.505,4.583,137028
"2017-03-14",4.515,4.593,4.505,4.534,124020
"2017-03-13",4.456,4.524,4.437,4.505,92417
"2017-03-10",4.446,4.505,4.446,4.456,64392
"2017-03-09",4.505,4.505,4.437,4.446,81220
"2017-03-08",4.515,4.544,4.495,4.515,82537
"2017-03-07",4.534,4.544,4.495,4.524,60659
"2017-03-06",4.515,4.544,4.505,4.534,72867
"2017-03-03",4.524,4.534,4.456,4.515,81509
"2017-03-02",4.554,4.573,4.524,4.534,62527
"2017-03-01",4.573,4.583,4.544,4.564,84933
"2017-02-28",4.544,4.573,4.524,4.573,77263
"2017-02-27",4.603,4.603,4.524,4.534,133769
"2017-02-24",4.603,4.642,4.554,4.603,99695
"2017-02-23",4.691,4.71,4.534,4.612,212248
"2017-02-22",4.554,4.964,4.554,4.691,327645
"2017-02-21",4.573,4.622,4.534,4.573,135277
"2017-02-20",4.485,4.71,4.466,4.593,200380
"2017-02-17",4.524,4.554,4.476,4.485,79614
"2017-02-16",4.466,4.534,4.456,4.534,119918
"2017-02-15",4.485,4.515,4.456,4.456,76786
"2017-02-14",4.515,4.524,4.456,4.476,66124
"2017-02-13",4.495,4.524,4.476,4.515,81345
"2017-02-10",4.466,4.505,4.437,4.495,118721
"2017-02-09",4.437,4.495,4.417,4.466,99578
"2017-02-08",4.397,4.446,4.368,4.437,91024
"2017-02-07",4.427,4.446,4.339,4.407,118010
"2017-02-06",4.397,4.456,4.397,4.417,90424
"2017-02-03",4.446,4.476,4.388,4.397,56563
"2017-01-26",4.456,4.515,4.427,4.446,39146
"2017-01-25",4.427,4.476,4.407,4.476,54414
"2017-01-24",4.427,4.446,4.397,4.427,52014
"2017-01-23",4.378,4.446,4.368,4.407,55740
"2017-01-20",4.319,4.388,4.3,4.378,53966
"2017-01-19",4.329,4.339,4.3,4.329,28587
"2017-01-18",4.3,4.349,4.27,4.329,60658
"2017-01-17",4.27,4.319,4.231,4.31,54359
"2017-01-16",4.368,4.397,4.202,4.29,85685
"2017-01-13",4.417,4.476,4.388,4.397,60794
"2017-01-12",4.437,4.476,4.407,4.437,49900
"2017-01-11",4.495,4.505,4.417,4.446,67087
"2017-01-10",4.612,4.622,4.456,4.476,104713
"2017-01-09",4.407,4.505,4.397,4.485,70506
"2017-01-06",4.437,4.446,4.397,4.407,49493
"2017-01-05",4.417,4.456,4.407,4.427,71499
"2017-01-04",4.407,4.456,4.388,4.427,93724
"2017-01-03",4.339,4.427,4.339,4.407,95386
"2016-12-30",4.349,4.358,4.329,4.349,42643
"2016-12-29",4.339,4.368,4.31,4.339,61036
"2016-12-28",4.388,4.388,4.329,4.349,42231
"2016-12-27",4.358,4.388,4.349,4.378,42645
"2016-12-26",4.339,4.378,4.31,4.368,58930
"2016-12-23",4.378,4.407,4.358,4.368,48040
"2016-12-22",4.427,4.437,4.368,4.388,61505
"2016-12-21",4.407,4.427,4.388,4.417,61331
"2016-12-20",4.388,4.417,4.358,4.388,66970
"2016-12-19",4.397,4.397,4.358,4.378,66459
"2016-12-16",4.358,4.417,4.329,4.397,76375
"2016-12-15",4.358,4.417,4.339,4.368,71027
"2016-12-14",4.417,4.437,4.339,4.339,86741
"2016-12-13",4.388,4.437,4.329,4.427,73925
"2016-12-12",4.642,4.652,4.378,4.388,168916
"2016-12-09",4.652,4.671,4.622,4.652,75737
"2016-12-08",4.661,4.681,4.622,4.652,82956
"2016-12-07",4.632,4.671,4.622,4.652,75125
"2016-12-06",4.671,4.691,4.622,4.632,71103
"2016-12-05",4.7,4.73,4.612,4.652,162159
"2016-12-02",4.886,4.945,4.759,4.759,254338
"2016-12-01",4.788,4.925,4.769,4.915,354283
"2016-11-30",4.749,4.808,4.739,4.779,216248
"2016-11-29",4.759,4.837,4.749,4.769,254899
"2016-11-28",4.759,4.827,4.73,4.779,259524
"2016-11-25",4.681,4.779,4.661,4.759,276497
"2016-11-24",4.71,4.769,4.632,4.71,264275
"2016-11-23",4.681,4.935,4.661,4.739,402177
"2016-11-22",4.671,4.681,4.642,4.681,131905
"2016-11-21",4.632,4.671,4.622,4.661,164194
"2016-11-18",4.71,4.73,4.652,4.661,142318
"2016-11-17",4.671,4.73,4.642,4.7,167260
"2016-11-16",4.661,4.681,4.642,4.681,102573
"2016-11-15",4.632,4.71,4.622,4.681,198861
"2016-11-14",4.603,4.642,4.603,4.642,167850
"2016-11-11",4.632,4.632,4.583,4.632,145618
"2016-11-10",4.583,4.652,4.583,4.622,131583
"2016-11-09",4.573,4.603,4.515,4.573,161402
"2016-11-08",4.573,4.583,4.505,4.573,131764
"2016-11-07",4.583,4.593,4.524,4.554,90567
"2016-11-04",4.603,4.603,4.554,4.573,106674
"2016-11-03",4.554,4.622,4.544,4.603,143039
"2016-11-02",4.652,4.652,4.583,4.583,151128
"2016-11-01",4.642,4.661,4.603,4.661,157239
"2016-10-31",4.632,4.642,4.593,4.622,103795
"2016-10-28",4.671,4.7,4.642,4.652,118597
"2016-10-27",4.71,4.72,4.652,4.691,103623
"2016-10-26",4.691,4.72,4.661,4.71,119485
"2016-10-25",4.691,4.72,4.671,4.7,96706
"2016-10-24",4.652,4.73,4.632,4.7,152084
"2016-10-21",4.73,4.73,4.593,4.652,185319
"2016-10-20",4.739,4.798,4.7,4.72,185641
"2016-10-19",4.808,4.876,4.739,4.769,185867
"2016-10-18",4.788,4.818,4.691,4.818,230204
"2016-10-17",4.759,4.915,4.749,4.788,352858
"2016-10-14",4.749,4.788,4.71,4.759,174818
"2016-10-13",4.739,4.808,4.73,4.779,218436
"2016-10-12",4.72,4.779,4.691,4.779,219628
"2016-10-11",4.681,4.837,4.671,4.769,386313
"2016-10-10",4.769,4.779,4.564,4.7,516482
"2016-09-30",4.974,5.052,4.886,4.896,428245
"2016-09-29",5.111,5.179,4.964,5.003,576519
"2016-09-28",5.336,5.355,5.042,5.14,1123599
"2016-09-27",4.564,5.042,4.554,5.042,474959
"2016-09-26",4.642,4.71,4.554,4.583,140280
"2016-09-23",4.7,4.73,4.642,4.661,143486
"2016-09-22",4.632,4.788,4.632,4.73,282790
"2016-09-21",4.622,4.661,4.593,4.612,114095
"2016-09-20",4.593,4.622,4.573,4.612,86825
"2016-09-19",4.573,4.632,4.573,4.593,113388
"2016-09-14",4.622,4.661,4.573,4.583,169884
"2016-09-13",4.652,4.691,4.564,4.681,185051
"2016-09-12",4.505,4.72,4.446,4.622,357582
"2016-09-09",4.573,4.622,4.544,4.544,105641
"2016-09-08",4.564,4.583,4.524,4.573,98080
"2016-09-07",4.573,4.593,4.534,4.544,82338
"2016-09-06",4.544,4.573,4.476,4.573,85343
"2016-09-05",4.505,4.642,4.505,4.544,96924
"2016-09-02",4.505,4.573,4.476,4.505,85363
"2016-09-01",4.593,4.612,4.505,4.505,139470
"2016-08-31",4.544,4.671,4.505,4.632,212063
"2016-08-30",4.515,4.564,4.485,4.524,96117
"2016-08-29",4.427,4.544,4.427,4.515,98324
"2016-08-26",4.476,4.505,4.437,4.446,84280
"2016-08-25",4.524,4.534,4.397,4.466,136615
"2016-08-24",4.593,4.603,4.534,4.544,87810
"2016-08-23",4.564,4.652,4.544,4.583,133642
"2016-08-22",4.671,4.691,4.564,4.593,167064
"2016-08-19",4.71,4.739,4.622,4.671,257746
"2016-08-18",4.583,4.984,4.583,4.779,533389
"2016-08-17",4.622,4.671,4.524,4.612,242868
"2016-08-16",4.671,4.691,4.564,4.583,293523
"2016-08-15",4.505,4.739,4.505,4.661,556858
"2016-08-12",4.28,4.554,4.27,4.505,361760
"2016-08-11",4.339,4.339,4.27,4.28,66940
"2016-08-10",4.378,4.388,4.329,4.329,97998
"2016-08-09",4.358,4.388,4.329,4.358,113277
"2016-08-08",4.3,4.417,4.28,4.368,170306
"2016-08-05",4.319,4.378,4.29,4.319,190785
"2016-08-04",4.212,4.319,4.202,4.31,149563
"2016-08-03",4.192,4.261,4.163,4.241,112125
"2016-08-02",4.182,4.192,4.153,4.192,61018
"2016-08-01",4.261,4.261,4.134,4.173,108978
"2016-07-29",4.251,4.29,4.231,4.261,95906
"2016-07-28",4.251,4.339,4.231,4.319,110272
"2016-07-27",4.358,4.378,4.212,4.241,132096
"2016-07-26",4.31,4.368,4.29,4.358,137040
"2016-07-25",4.261,4.29,4.231,4.27,66281
"2016-07-22",4.28,4.3,4.231,4.251,79528
"2016-07-21",4.212,4.31,4.212,4.28,145067
"2016-07-12",4.235,4.299,4.217,4.29,199514
"2016-07-11",4.308,4.345,4.226,4.253,270507
"2016-07-08",4.536,4.545,4.29,4.326,239068
"2016-07-07",4.408,4.445,4.381,4.436,95681
"2016-07-06",4.518,4.554,4.39,4.445,154547
"2016-07-05",4.408,4.545,4.363,4.509,171256
"2016-07-04",4.317,4.427,4.308,4.39,106523
"2016-07-01",4.317,4.354,4.317,4.317,52395
"2016-06-30",4.372,4.39,4.29,4.317,82551
"2016-06-29",4.418,4.445,4.345,4.363,131059
"2016-06-28",4.18,4.491,4.153,4.436,239655
"2016-06-27",4.144,4.198,4.125,4.198,82902
"2016-06-24",4.18,4.198,4.025,4.162,76388
"2016-06-23",4.208,4.208,4.144,4.171,49878
"2016-06-22",4.171,4.198,4.135,4.198,41633
"2016-06-21",4.208,4.244,4.153,4.171,57748
"2016-06-20",4.208,4.217,4.162,4.198,39819
"2016-06-17",4.18,4.244,4.171,4.208,66279
"2016-06-16",4.244,4.244,4.162,4.171,60802
"2016-06-15",4.125,4.253,4.116,4.244,59605
"2016-06-14",4.171,4.189,4.125,4.153,59603
"2016-06-13",4.262,4.299,4.153,4.162,68115
"2016-06-08",4.345,4.345,4.244,4.262,54973
"2016-06-07",4.335,4.344,4.263,4.299,50154
"2016-06-06",4.344,4.371,4.308,4.335,48636
"2016-06-03",4.335,4.353,4.317,4.344,72664
"2016-06-02",4.317,4.371,4.29,4.335,83030
"2016-06-01",4.263,4.335,4.254,4.299,108561
"2016-05-31",4.137,4.272,4.128,4.263,115010
"2016-05-30",4.173,4.209,4.11,4.137,52117
"2016-05-27",4.137,4.182,4.128,4.164,40925
"2016-05-26",4.182,4.191,4.092,4.173,56835
"2016-05-25",4.191,4.227,4.155,4.173,43619
"2016-05-24",4.218,4.245,4.137,4.173,47765
"2016-05-23",4.182,4.245,4.173,4.218,77414
"2016-05-20",4.137,4.173,4.101,4.164,46823
"2016-05-19",4.146,4.218,4.128,4.137,53155
"2016-05-18",4.227,4.236,4.101,4.137,75196
"2016-05-17",4.281,4.281,4.209,4.245,57086
"2016-05-16",4.227,4.263,4.2,4.263,62113
"2016-05-13",4.281,4.308,4.173,4.227,66780
"2016-05-12",4.299,4.299,4.191,4.281,64515
"2016-05-11",4.335,4.371,4.299,4.317,76214
"2016-05-10",4.335,4.425,4.281,4.326,80250
"2016-05-09",4.559,4.559,4.299,4.353,149763
"2016-05-06",4.739,4.748,4.568,4.577,155328
"2016-05-05",4.748,4.748,4.694,4.739,88881
"2016-05-04",4.703,4.757,4.667,4.739,114372
"2016-05-03",4.667,4.748,4.622,4.739,134585
"2016-04-29",4.613,4.739,4.604,4.667,90219
"2016-04-28",4.667,4.703,4.577,4.658,78674
"2016-04-27",4.73,4.748,4.667,4.667,73155
"2016-04-26",4.667,4.712,4.613,4.712,79327
"2016-04-25",4.649,4.685,4.586,4.667,91116
"2016-04-22",4.586,4.667,4.559,4.658,75276
"2016-04-21",4.649,4.712,4.586,4.604,102479
"2016-04-20",4.9,4.927,4.559,4.64,195988
"2016-04-19",4.918,4.954,4.855,4.9,145309
"2016-04-18",4.936,4.954,4.864,4.891,143301
"2016-04-15",4.99,5.008,4.936,4.972,148791
"2016-04-14",4.936,4.999,4.918,4.972,174710
"2016-04-13",4.9,4.99,4.891,4.918,219148
"2016-04-12",4.9,4.9,4.828,4.882,109116
"2016-04-11",4.882,4.936,4.846,4.9,152327
"2016-04-08",4.793,4.864,4.73,4.846,121604
"2016-04-07",4.963,4.981,4.793,4.801,184628
"2016-04-06",4.882,4.981,4.882,4.927,154645
"2016-04-05",4.81,4.945,4.748,4.918,228558
"2016-04-01",4.793,4.909,4.712,4.828,174297
"2016-03-31",4.864,5.08,4.819,4.837,203478
"2016-03-30",4.703,4.837,4.649,4.819,174038
"2016-03-29",4.757,4.801,4.595,4.649,160524
"2016-03-28",4.837,4.927,4.775,4.784,183789
"2016-03-25",4.846,4.954,4.81,4.9,233945
"2016-03-24",4.855,5.08,4.766,4.882,350730
"2016-03-23",4.882,4.945,4.837,4.9,162134
"2016-03-22",4.936,4.936,4.846,4.855,238613
"2016-03-21",4.891,5.017,4.793,5.008,433386
"2016-03-18",4.667,4.819,4.631,4.81,291111
"2016-03-17",4.568,4.676,4.541,4.631,185935
"2016-03-16",4.595,4.64,4.523,4.532,125536
"2016-03-15",4.631,4.658,4.505,4.595,146183
"2016-03-14",4.577,4.739,4.559,4.631,183761
"2016-03-11",4.532,4.577,4.451,4.541,143262
"2016-03-10",4.766,4.855,4.559,4.586,196338
"2016-03-09",4.775,4.855,4.721,4.784,160654
"2016-03-08",4.981,4.999,4.721,4.945,267694
"2016-03-07",4.936,4.999,4.846,4.963,274205
"2016-03-04",4.927,5.16,4.775,4.864,480729
"2016-03-03",5.439,5.439,4.999,5.026,871562
"2016-03-02",4.568,5.107,4.568,5.107,583480
"2016-03-01",4.505,4.819,4.416,4.64,386997
"2016-02-29",4.568,4.739,4.308,4.398,337274
"2016-02-26",4.496,4.577,4.398,4.532,195453
"2016-02-25",4.99,5.008,4.478,4.478,340177
"2016-02-24",4.945,5.008,4.828,4.972,287624
"2016-02-23",5.16,5.169,4.882,4.99,529655
"2016-02-22",4.963,5.151,4.954,5.151,542576
"2016-02-19",4.577,4.694,4.541,4.685,136202
"2016-02-18",4.703,4.766,4.586,4.622,174411
"2016-02-17",4.613,4.667,4.559,4.667,169785
"2016-02-16",4.442,4.64,4.442,4.604,171770
"2016-02-15",4.344,4.451,4.308,4.416,105451
"2016-02-05",4.613,4.631,4.532,4.532,108184
"2016-02-04",4.541,4.631,4.514,4.613,202553
"2016-02-03",4.568,4.739,4.532,4.586,256141
"2016-02-02",4.326,4.523,4.326,4.505,183950
"2016-02-01",4.532,4.559,4.263,4.371,152212
"2016-01-29",4.442,4.622,4.416,4.559,157769
"2016-01-28",4.568,4.757,4.407,4.469,186288
"2016-01-27",4.523,4.595,4.218,4.559,137635
"2016-01-26",4.828,4.837,4.442,4.496,150964
"2016-01-25",4.748,4.936,4.667,4.9,166687
"2016-01-22",4.703,4.775,4.496,4.703,135241
"2016-01-21",4.784,4.963,4.541,4.568,175595
"2016-01-20",4.864,5.062,4.784,4.873,271146
"2016-01-19",4.487,4.954,4.487,4.954,186940
"2016-01-18",4.353,4.577,4.281,4.505,122714
"2016-01-15",4.622,4.685,4.362,4.398,136014
"2016-01-14",4.469,4.703,4.398,4.685,136365
"2016-01-13",4.667,4.73,4.532,4.55,131363
"2016-01-12",4.622,4.703,4.532,4.649,138393
"2016-01-11",5.035,5.044,4.595,4.595,224830
"2016-01-08",5.16,5.25,4.81,5.098,194933
"2016-01-07",5.484,5.484,4.999,5.017,51369
"2016-01-06",5.403,5.582,5.385,5.555,172428
"2016-01-05",5.205,5.519,4.927,5.403,211223
"2016-01-04",6.085,6.139,5.475,5.475,155993
"2015-12-31",6.094,6.193,6.067,6.085,130579
"2015-12-30",6.148,6.175,6.085,6.112,108506
"2015-12-29",6.022,6.148,5.986,6.121,110254
"2015-12-28",6.228,6.264,6.013,6.022,190614
"2015-12-25",6.21,6.273,6.166,6.21,118954
"2015-12-24",6.417,6.417,6.13,6.202,225748
"2015-12-23",6.471,6.552,6.399,6.417,237048
"2015-12-22",6.489,6.641,6.39,6.471,281358
"2015-12-21",6.282,6.462,6.202,6.453,330669
"2015-12-18",6.426,6.444,6.237,6.3,270072
"2015-12-17",6.202,6.462,6.166,6.408,486582
"2015-12-16",6.273,6.273,6.121,6.175,153168
"2015-12-15",6.094,6.507,6.094,6.228,285092
"2015-12-14",5.905,6.085,5.843,6.058,189229
"2015-12-11",5.932,6.022,5.762,5.896,201067
"2015-12-10",6.237,6.282,6.004,6.031,225348
"2015-12-09",6.21,6.336,6.21,6.237,168098
"2015-12-08",6.372,6.399,6.148,6.246,225273
"2015-12-07",6.489,6.516,6.327,6.399,236389
"2015-12-04",6.641,6.641,6.372,6.471,343854
"2015-12-03",6.722,6.776,6.614,6.677,364067
"2015-12-02",6.713,6.812,6.381,6.614,394664
"2015-12-01",6.282,6.875,6.282,6.704,578218
"2015-11-30",6.291,6.632,6.004,6.246,407738
"2015-11-20",6.677,6.866,6.578,6.668,482757
"2015-11-19",6.713,6.749,6.552,6.722,394641
"2015-11-18",6.749,7.126,6.587,6.776,673950
"2015-11-17",6.955,6.982,6.668,6.704,504230
"2015-11-16",6.498,6.902,6.471,6.893,356764
"2015-11-13",6.893,6.911,6.435,6.695,550772
"2015-11-12",7.09,7.135,6.866,7,751833
"2015-11-11",7.099,7.611,6.964,7.278,953916
"2015-11-10",6.902,7.135,6.83,6.964,657360
"2015-11-09",6.928,7.225,6.731,6.982,719106
"2015-11-06",6.919,7.144,6.919,7.081,640466
"2015-11-05",7.198,7.287,6.964,7.108,919630
"2015-11-04",7.036,7.395,6.911,7.35,900895
"2015-11-03",6.686,6.857,6.552,6.722,454810
"2015-11-02",6.731,7.036,6.444,6.605,658480
"2015-10-30",7.045,7.628,6.937,7.126,872194
"2015-10-29",6.937,7.269,6.866,7.072,780405
"2015-10-28",7.359,7.44,6.866,6.928,1172642
"2015-10-27",7.099,7.898,6.893,7.628,1401968
"2015-10-26",7.987,8.077,6.875,7.18,1596947
"2015-10-23",7.252,7.503,7.162,7.503,798324
"2015-10-22",6.219,6.821,6.103,6.821,1228128
"2015-10-21",5.645,6.202,5.591,6.202,1218456
"2015-10-20",5.573,5.654,5.475,5.636,307859
"2015-10-19",5.726,5.816,5.493,5.6,393619
"2015-10-16",5.591,5.896,5.519,5.771,519482
"2015-10-15",5.439,5.609,5.367,5.573,389440
"2015-10-14",5.457,5.636,5.394,5.475,369458
"2015-10-13",5.385,5.537,5.349,5.457,304107
"2015-10-12",5.304,5.51,5.268,5.457,431486
"2015-10-09",5.295,5.322,5.143,5.268,247072
"2015-10-08",5.34,5.457,5.25,5.322,319506
"2015-09-30",5.178,5.304,5.008,5.205,266600
"2015-09-29",5.205,5.457,5.116,5.143,266485
"2015-09-28",5.286,5.43,5.062,5.349,358436
"2015-09-25",5.457,5.663,5.044,5.484,763622
"2015-09-24",4.927,5.295,4.891,5.295,459171
"2015-09-23",4.846,4.936,4.757,4.81,299029
"2015-09-22",4.936,5.205,4.891,5.044,544038
"2015-09-21",4.317,4.793,4.263,4.793,237046
"2015-09-18",4.407,4.487,4.272,4.353,125173
"2015-09-17",4.505,4.667,4.344,4.362,236618
"2015-09-16",4.2,4.622,4.084,4.586,220979
"2015-09-15",4.514,4.622,4.2,4.2,203426
"2015-09-14",5.277,5.313,4.667,4.667,239046
"2015-09-11",5.107,5.223,5.071,5.187,158554
"2015-09-10",5.205,5.34,5.116,5.125,256168
"2015-09-09",5.151,5.448,5.071,5.385,360235
"2015-09-08",4.891,5.178,4.739,5.151,215562
"2015-09-07",5.071,5.295,4.936,4.99,255644
"2015-09-02",4.694,5.178,4.568,5.035,467005
"2015-09-01",5.43,5.43,5.035,5.035,408581
"2015-08-31",5.735,6.013,5.403,5.591,634415
"2015-08-28",5.519,5.816,5.214,5.816,681168
"2015-08-27",5.116,5.403,4.676,5.286,626493
"2015-08-26",5.771,5.995,5.196,5.196,716398
"2015-08-25",5.771,5.771,5.771,5.771,120305
"2015-08-24",6.408,6.695,6.408,6.408,186835
"2015-08-21",7.359,7.628,7.117,7.117,672505
"2015-08-20",8.589,8.777,7.907,7.907,1166850
"2015-08-19",7.332,8.786,7.189,8.786,1704729
"2015-08-18",7.987,7.987,7.817,7.987,1657816
"2015-08-17",7.261,7.261,7.261,7.261,43722
"2015-08-14",6.596,6.596,6.596,6.596,69943
"2015-08-13",5.771,6.004,5.744,5.995,174350
"2015-08-12",5.86,5.959,5.744,5.762,161567
"2015-08-11",6.004,6.085,5.932,5.986,205380
"2015-08-10",5.86,6.094,5.744,6.013,231047
"2015-08-07",5.735,5.816,5.672,5.762,113518
"2015-08-06",5.564,5.762,5.519,5.663,95439
"2015-08-05",5.86,6.022,5.753,5.762,156630
"2015-08-04",5.807,6.058,5.708,6.04,216070
"2015-08-03",5.493,5.852,5.394,5.843,255751
"2015-07-31",5.385,5.564,5.367,5.493,153482
"2015-07-30",5.654,5.843,5.412,5.484,218765
"2015-07-29",5.546,5.78,5.349,5.753,225714
"2015-07-28",5.385,5.834,5.134,5.466,359293
"2015-07-27",6.175,6.543,5.699,5.699,344002
"2015-07-24",6.372,6.722,6.282,6.327,483026
"2015-07-23",6.058,6.345,6.058,6.282,313548
"2015-07-22",6.193,6.246,5.968,6.103,191590
"2015-07-21",6.139,6.282,6.067,6.166,241869
"2015-07-20",6.345,6.462,6.094,6.282,336527
"2015-07-17",5.941,6.417,5.923,6.309,279303
"2015-07-16",5.744,6.157,5.394,5.905,291634
"2015-07-15",6.193,6.525,5.825,5.834,399407
"2015-07-14",6.255,6.964,6.067,6.471,660246
"2015-07-13",6.354,6.372,5.986,6.372,519915
"2015-07-02",6.507,6.552,5.843,5.843,478384
"2015-07-01",7.072,7.243,6.489,6.489,574437
"2015-06-30",6.857,7.341,6.291,7.207,712358
"2015-06-29",7.907,8.032,6.991,6.991,712910
"2015-06-26",8.077,8.257,7.772,7.772,467267
"2015-06-25",9.262,9.379,8.562,8.634,954244
"2015-06-24",8.867,9.522,8.535,9.28,1113963
"2015-06-18",8.643,9.468,8.508,9.468,700878
"2015-06-17",8.409,8.679,7.978,8.607,542441
"2015-06-16",8.194,8.876,8.086,8.535,659646
"2015-06-15",8.616,9.091,8.382,8.418,776369
"2015-06-12",7.772,8.49,7.745,8.284,782986
"2015-06-11",7.763,7.835,7.584,7.781,420153
"2015-06-10",7.521,7.907,7.386,7.754,450211
"2015-06-09",7.654,7.716,7.433,7.584,450026
"2015-06-08",7.699,7.752,7.433,7.619,614290
"2015-06-05",7.292,7.893,7.247,7.752,860875
"2015-06-04",7.203,7.274,6.681,7.256,445903
"2015-06-03",7.371,7.442,6.991,7.283,506659
"2015-06-02",7.212,7.336,7.088,7.3,507930
"2015-06-01",6.743,7.132,6.69,7.123,414079
"2015-05-29",6.557,6.867,6.362,6.708,376203
"2015-05-28",7.212,7.433,6.654,6.699,648289
"2015-05-27",7.362,7.362,7.097,7.239,489549
"2015-05-26",7.336,7.504,7.115,7.362,621252
"2015-05-25",6.911,7.415,6.911,7.318,670834
"2015-05-22",6.619,7.062,6.575,6.902,749163
"2015-05-21",6.646,6.716,6.469,6.575,630607
"2015-05-20",6.345,6.716,6.177,6.584,858794
"2015-05-19",5.84,6.362,5.84,6.301,565482
"2015-05-18",5.982,6.044,5.805,5.84,391493
"2015-05-15",6.212,6.23,5.947,6,319602
"2015-05-14",6.354,6.46,6.239,6.301,353343
"2015-05-13",6.283,6.539,6.141,6.486,559307
"2015-05-12",6.805,6.805,6.371,6.424,993425
"2015-05-11",6.017,6.283,6.017,6.283,478843
"2015-05-08",5.601,5.716,5.495,5.708,191208
"2015-05-07",5.743,5.84,5.513,5.54,196161
"2015-05-06",5.929,6.168,5.734,5.778,247119
"2015-05-05",6.407,6.407,5.929,6.017,359674
"2015-05-04",6.486,6.637,6.327,6.407,517950
"2015-04-30",6.017,6.46,6,6.309,539090
"2015-04-29",5.955,6.079,5.858,6.017,208321
"2015-04-28",6.283,6.283,5.885,5.964,394587
"2015-04-27",6.239,6.336,6.053,6.177,396621
"2015-04-24",6.194,6.318,6.088,6.239,381313
"2015-04-23",6.398,6.495,6.203,6.318,506913
"2015-04-22",5.885,6.416,5.832,6.362,616816
"2015-04-21",5.628,5.885,5.575,5.832,344267
"2015-04-20",5.628,5.867,5.548,5.655,481861
"2015-04-17",5.575,5.708,5.513,5.61,357758
"2015-04-16",5.513,5.637,5.363,5.522,311995
"2015-04-15",5.823,5.849,5.522,5.566,331493
"2015-04-14",5.858,5.973,5.77,5.867,298043
"2015-04-13",5.716,5.902,5.681,5.876,376164
"2015-04-10",5.752,5.805,5.61,5.716,369211
"2015-04-09",5.655,5.734,5.363,5.716,540995
"2015-04-08",5.495,5.743,5.407,5.655,644791
"2015-04-07",5.442,5.504,5.221,5.486,409225
"2015-04-03",5.318,5.513,5.309,5.433,396680
"2015-04-02",5.247,5.486,5.247,5.407,482263
"2015-04-01",5.141,5.247,5.088,5.239,351753
"2015-03-31",5.575,5.619,5.097,5.186,807024
"2015-03-30",5.044,5.416,4.92,5.336,727580
"2015-03-27",5.124,5.292,4.955,5.062,621295.56
"2015-03-26",4.646,5.115,4.54,4.92,916654
"2015-03-25",4.646,4.69,4.54,4.646,397190
"2015-03-24",4.725,4.743,4.442,4.663,539652
"2015-03-23",4.602,4.858,4.584,4.717,687531
"2015-03-20",4.425,4.619,4.407,4.548,512573
"2015-03-19",4.425,4.522,4.336,4.451,779373
"2015-03-18",4.265,4.655,4.265,4.531,1093543
"2015-03-17",4.124,4.274,4.106,4.23,579286
"2015-03-16",4.026,4.141,3.991,4.106,372315
"2015-03-13",4,4.088,3.929,4.017,439495
"2015-03-12",3.823,4.097,3.823,4,547626
"2015-03-11",3.849,3.885,3.796,3.832,210220
"2015-03-10",3.814,3.876,3.805,3.858,281352
"2015-03-09",3.743,3.832,3.708,3.823,239286
"2015-03-06",3.779,3.805,3.708,3.77,253889
"2015-03-05",3.814,3.858,3.743,3.779,261971
"2015-03-04",3.752,3.858,3.752,3.841,380124
"2015-03-03",3.796,3.796,3.717,3.734,224600
"2015-03-02",3.761,3.796,3.734,3.787,396959
"2015-02-27",3.717,3.725,3.681,3.717,189926
"2015-02-26",3.655,3.725,3.619,3.717,261693
"2015-02-25",3.672,3.69,3.637,3.655,183933
"2015-02-17",3.734,3.743,3.664,3.699,391982
"2015-02-16",3.699,3.725,3.672,3.717,93696
"2015-02-13",3.637,3.752,3.637,3.69,122747
"2015-02-12",3.602,3.628,3.584,3.628,63513
"2015-02-11",3.602,3.619,3.557,3.61,88452
"2015-02-10",3.548,3.619,3.531,3.593,91419
"2015-02-09",3.584,3.593,3.522,3.548,101162
"2015-02-06",3.708,3.752,3.566,3.593,161214
"2015-02-05",3.876,3.894,3.725,3.725,220324
"2015-02-04",3.752,3.805,3.743,3.761,154498
"2015-02-03",3.77,3.805,3.672,3.77,196330
"2015-02-02",3.699,3.867,3.637,3.779,290758
"2015-01-30",3.725,3.796,3.681,3.734,159274
"2015-01-29",3.734,3.779,3.69,3.725,144740
"2015-01-28",3.752,3.805,3.717,3.779,203605
"2015-01-27",3.849,3.894,3.725,3.796,392859
"2015-01-26",3.655,3.902,3.628,3.876,582106
"2015-01-23",3.672,3.734,3.628,3.672,246779
"2015-01-22",3.637,3.708,3.628,3.664,193087
"2014-10-15",3.602,3.637,3.495,3.575,434930
"2014-10-14",3.531,3.796,3.487,3.699,862296
"2014-10-13",3.451,3.478,3.38,3.451,314160
"2014-10-10",3.31,3.478,3.283,3.433,514374
"2014-10-09",3.425,3.425,3.23,3.372,621301
